{
  "covertype": {
    "k_values": [
      10,
      20,
      50,
      100,
      200,
      300,
      500,
      750,
      1000
    ],
    "seeds": [
      42,
      43
    ],
    "curves": [
      [
        0.794575,
        0.8557750000000001,
        0.8972,
        0.9102500000000001,
        0.9172,
        0.9195499999999999,
        0.9205,
        0.9205249999999999,
        0.9208000000000001
      ],
      [
        0.7941499999999999,
        0.8533,
        0.8974249999999999,
        0.908925,
        0.91655,
        0.9184999999999999,
        0.9202,
        0.92195,
        0.9218999999999999
      ]
    ],
    "mean_curve": [
      0.7943625,
      0.8545375,
      0.8973125,
      0.9095875,
      0.916875,
      0.9190249999999999,
      0.92035,
      0.9212374999999999,
      0.92135
    ],
    "std_curve": [
      0.00021250000000005986,
      0.001237500000000058,
      0.00011249999999995985,
      0.0006625000000000658,
      0.0003250000000000197,
      0.0005249999999999977,
      0.00014999999999998348,
      0.0007125000000000603,
      0.0005499999999999394
    ],
    "is_monotone": true,
    "plateau_variation": 0.0009306153458196735,
    "plateau_ok": true
  },
  "mnist": {
    "k_values": [
      10,
      20,
      50,
      100,
      200,
      300,
      500,
      750,
      1000
    ],
    "seeds": [
      42,
      43
    ],
    "curves": [
      [
        0.20237500000000003,
        0.258875,
        0.355375,
        0.457625,
        0.5567500000000001,
        0.60675,
        0.6649999999999999,
        0.6998749999999999,
        0.7208749999999999
      ],
      [
        0.2105,
        0.25012500000000004,
        0.348625,
        0.4455,
        0.54525,
        0.604125,
        0.6604999999999999,
        0.6963750000000001,
        0.717
      ]
    ],
    "mean_curve": [
      0.2064375,
      0.25450000000000006,
      0.352,
      0.4515625,
      0.551,
      0.6054375000000001,
      0.66275,
      0.698125,
      0.7189375
    ],
    "std_curve": [
      0.004062499999999983,
      0.00437499999999999,
      0.003374999999999989,
      0.006062499999999998,
      0.005750000000000033,
      0.0013124999999999942,
      0.0022500000000000298,
      0.0017499999999999183,
      0.001937499999999981
    ],
    "is_monotone": true,
    "plateau_variation": 0.04301128576461064,
    "plateau_ok": false
  },
  "adult": {
    "k_values": [
      10,
      20,
      50,
      100,
      200,
      300,
      500,
      750,
      1000
    ],
    "seeds": [
      42,
      43
    ],
    "curves": [
      [
        0.90921875,
        0.9189453125,
        0.9243750000000001,
        0.925546875,
        0.9271874999999999,
        0.9273828125,
        0.927734375,
        0.9277734375,
        0.9273046875000001
      ],
      [
        0.9072656250000002,
        0.9173046875,
        0.9240625,
        0.926015625,
        0.9271484375,
        0.9268750000000001,
        0.927734375,
        0.9278125000000002,
        0.9278124999999999
      ]
    ],
    "mean_curve": [
      0.9082421875000001,
      0.9181250000000001,
      0.9242187500000001,
      0.92578125,
      0.92716796875,
      0.9271289062500001,
      0.927734375,
      0.9277929687500001,
      0.9275585937499999
    ],
    "std_curve": [
      0.000976562499999889,
      0.0008203124999999756,
      0.00015625000000002442,
      0.00023437500000000888,
      1.9531249999982236e-05,
      0.0002539062499999356,
      0.0,
      1.953125000009326e-05,
      0.0002539062499999356
    ],
    "is_monotone": false,
    "plateau_variation": 0.00025998397484321427,
    "plateau_ok": true
  }
}