{
  "covertype": {
    "k_values": [
      10,
      20,
      50,
      100,
      200,
      300,
      500,
      750,
      1000
    ],
    "seeds": [
      42,
      43,
      44,
      45,
      46,
      47,
      48,
      49,
      50,
      51
    ],
    "curves": [
      [
        0.83485,
        0.851,
        0.86005,
        0.8630000000000001,
        0.86425,
        0.8647,
        0.8646499999999999,
        0.864875,
        0.864925
      ],
      [
        0.838125,
        0.853525,
        0.86155,
        0.8641250000000001,
        0.865475,
        0.86685,
        0.8662500000000002,
        0.8669499999999999,
        0.8670249999999999
      ],
      [
        0.837775,
        0.852,
        0.8603999999999999,
        0.863725,
        0.865325,
        0.8651500000000001,
        0.86615,
        0.8669500000000001,
        0.86645
      ],
      [
        0.8340500000000001,
        0.851225,
        0.8589249999999999,
        0.8619999999999999,
        0.86395,
        0.8652,
        0.8651249999999999,
        0.864925,
        0.8652749999999999
      ],
      [
        0.8392,
        0.85145,
        0.8602000000000001,
        0.8638,
        0.86545,
        0.8648250000000001,
        0.8653000000000001,
        0.8654499999999998,
        0.8652999999999998
      ],
      [
        0.837175,
        0.8522500000000001,
        0.8614750000000001,
        0.864575,
        0.86625,
        0.8665750000000001,
        0.8675750000000001,
        0.8675,
        0.8676999999999999
      ],
      [
        0.8357749999999999,
        0.8523250000000001,
        0.86175,
        0.863675,
        0.86435,
        0.8654,
        0.865175,
        0.8653749999999999,
        0.8657499999999999
      ],
      [
        0.83815,
        0.8531000000000001,
        0.8611500000000001,
        0.862725,
        0.864875,
        0.8648,
        0.8653000000000001,
        0.8652749999999999,
        0.8653500000000001
      ],
      [
        0.8364499999999999,
        0.8527750000000001,
        0.862575,
        0.865225,
        0.8657499999999999,
        0.866375,
        0.8671999999999999,
        0.8671000000000001,
        0.8674
      ],
      [
        0.8353999999999999,
        0.850225,
        0.858525,
        0.8624500000000002,
        0.863275,
        0.8641,
        0.864625,
        0.864875,
        0.8654999999999999
      ]
    ],
    "mean_curve": [
      0.836695,
      0.8519875000000001,
      0.86066,
      0.8635300000000001,
      0.8648950000000001,
      0.8653974999999999,
      0.8657350000000001,
      0.8659275,
      0.8660675000000001
    ],
    "std_curve": [
      0.0015753491676450586,
      0.0009672932595650747,
      0.0012153805988249337,
      0.0009427221223669344,
      0.0008733412849510707,
      0.0008606284041327106,
      0.0009717381334495568,
      0.001005885803657695,
      0.0009467741282903649
    ],
    "is_monotone": true,
    "plateau_variation": 0.0002513611383548013,
    "plateau_ok": true
  },
  "mnist": {
    "k_values": [
      10,
      20,
      50,
      100,
      200,
      300,
      500,
      750,
      1000
    ],
    "seeds": [
      42,
      43,
      44,
      45,
      46,
      47,
      48,
      49,
      50,
      51
    ],
    "curves": [
      [
        0.897875,
        0.9215,
        0.9328749999999999,
        0.938875,
        0.9411250000000001,
        0.9404999999999999,
        0.9411249999999999,
        0.9404999999999999,
        0.9415000000000001
      ],
      [
        0.8948750000000001,
        0.9186249999999999,
        0.9348750000000001,
        0.9405000000000001,
        0.940625,
        0.942375,
        0.94375,
        0.94375,
        0.944375
      ],
      [
        0.8941250000000001,
        0.920875,
        0.93225,
        0.93775,
        0.940625,
        0.9421250000000001,
        0.943125,
        0.9444999999999999,
        0.9445
      ],
      [
        0.8949999999999999,
        0.923625,
        0.936875,
        0.938875,
        0.942375,
        0.943125,
        0.9436249999999999,
        0.943375,
        0.9432499999999999
      ],
      [
        0.8952500000000001,
        0.9198749999999999,
        0.9339999999999999,
        0.939875,
        0.9411250000000001,
        0.942375,
        0.94375,
        0.94275,
        0.9422499999999999
      ],
      [
        0.8959999999999999,
        0.919875,
        0.9319999999999998,
        0.9355,
        0.94025,
        0.9424999999999999,
        0.9426249999999999,
        0.9422499999999999,
        0.94275
      ],
      [
        0.8963750000000001,
        0.922125,
        0.937625,
        0.9397500000000001,
        0.9422499999999999,
        0.943125,
        0.943875,
        0.9435,
        0.943875
      ],
      [
        0.8938750000000001,
        0.9213749999999999,
        0.931125,
        0.937375,
        0.9421250000000001,
        0.942375,
        0.94275,
        0.943,
        0.9421250000000001
      ],
      [
        0.896125,
        0.9189999999999999,
        0.9348750000000001,
        0.937625,
        0.940625,
        0.9407500000000001,
        0.9416249999999999,
        0.9416250000000002,
        0.9417500000000001
      ],
      [
        0.8987499999999999,
        0.9213749999999999,
        0.9341250000000001,
        0.937875,
        0.94025,
        0.9408749999999999,
        0.9412499999999999,
        0.943,
        0.9426249999999999
      ]
    ],
    "mean_curve": [
      0.895825,
      0.920825,
      0.9340624999999999,
      0.9384,
      0.9411375000000002,
      0.9420125,
      0.94275,
      0.9428249999999998,
      0.9429000000000001
    ],
    "std_curve": [
      0.0014760589419125164,
      0.001434180950926375,
      0.001987657226485537,
      0.0014006694827831737,
      0.000781524951617009,
      0.0009107860615973503,
      0.001017042280340431,
      0.0010799305533227479,
      0.0010105691465703555
    ],
    "is_monotone": true,
    "plateau_variation": 0.00035579740987671496,
    "plateau_ok": true
  },
  "adult": {
    "k_values": [
      10,
      20,
      50,
      100,
      200,
      300,
      500,
      750,
      1000
    ],
    "seeds": [
      42,
      43,
      44,
      45,
      46,
      47,
      48,
      49,
      50,
      51
    ],